{
  "images": [
    {
      "width": 612,
      "height": 792,
      "id": 0,
      "file_name": "images/information_extraction_from_te-3_6774.jpg"
    },
    {
      "width": 612,
      "height": 792,
      "id": 1,
      "file_name": "images/2103.15348-15_0e54.jpg"
    },
    {
      "width": 612,
      "height": 792,
      "id": 2,
      "file_name": "images/2103.15348-14_17b0.jpg"
    },
    {
      "width": 612,
      "height": 792,
      "id": 3,
      "file_name": "images/2103.15348-13_1b0e.jpg"
    },
    {
      "width": 596,
      "height": 842,
      "id": 4,
      "file_name": "images/2101.10281-5_cba0.jpg"
    },
    {
      "width": 596,
      "height": 842,
      "id": 5,
      "file_name": "images/2101.10281-4_6aad.jpg"
    },
    {
      "width": 612,
      "height": 792,
      "id": 6,
      "file_name": "images/2010.01762-9_a5c5.jpg"
    },
    {
      "width": 612,
      "height": 792,
      "id": 7,
      "file_name": "images/2010.01762-8_541c.jpg"
    },
    {
      "width": 612,
      "height": 792,
      "id": 8,
      "file_name": "images/2004.08686-7_6513.jpg"
    },
    {
      "width": 612,
      "height": 792,
      "id": 9,
      "file_name": "images/2001.02595-9_3547.jpg"
    },
    {
      "width": 612,
      "height": 792,
      "id": 10,
      "file_name": "images/2001.02595-8_66c7.jpg"
    },
    {
      "width": 612,
      "height": 792,
      "id": 11,
      "file_name": "images/2001.02595-7_cb2c.jpg"
    },
    {
      "width": 612,
      "height": 792,
      "id": 12,
      "file_name": "images/1908.03557v1-11_a737.jpg"
    },
    {
      "width": 612,
      "height": 792,
      "id": 13,
      "file_name": "images/1908.03557v1-10_fa12.jpg"
    },
    {
      "width": 596,
      "height": 842,
      "id": 14,
      "file_name": "images/1810.04805v2-10_ea8f.jpg"
    },
    {
      "width": 596,
      "height": 842,
      "id": 15,
      "file_name": "images/1810.04805v2-9_dc05.jpg"
    },
    {
      "width": 612,
      "height": 792,
      "id": 16,
      "file_name": "images/2106.03331v1-8_941d.jpg"
    },
    {
      "width": 596,
      "height": 842,
      "id": 17,
      "file_name": "images/2106.00676v3-13_7631.jpg"
    },
    {
      "width": 596,
      "height": 842,
      "id": 18,
      "file_name": "images/2106.00676v3-12_9770.jpg"
    },
    {
      "width": 596,
      "height": 842,
      "id": 19,
      "file_name": "images/2106.00676v3-11_8b2f.jpg"
    },
    {
      "width": 596,
      "height": 842,
      "id": 20,
      "file_name": "images/2106.00676v3-10_399a.jpg"
    },
    {
      "width": 596,
      "height": 842,
      "id": 21,
      "file_name": "images/1810.04805v2-11_213f.jpg"
    }
  ],
  "categories": [
    {
      "id": 0,
      "name": "BibItem"
    }
  ],
  "annotations": [
    {
      "id": 0,
      "image_id": 0,
      "category_id": 0,
      "segmentation": [],
      "bbox": [
        108,
        325,
        396,
        31
      ],
      "ignore": 0,
      "iscrowd": 0,
      "area": 12276
    },
    {
      "id": 1,
      "image_id": 0,
      "category_id": 0,
      "segmentation": [],
      "bbox": [
        108,
        366,
        396,
        31
      ],
      "ignore": 0,
      "iscrowd": 0,
      "area": 12276
    },
    {
      "id": 2,
      "image_id": 0,
      "category_id": 0,
      "segmentation": [],
      "bbox": [
        108,
        407,
        397,
        31
      ],
      "ignore": 0,
      "iscrowd": 0,
      "area": 12307
    },
    {
      "id": 3,
      "image_id": 0,
      "category_id": 0,
      "segmentation": [],
      "bbox": [
        108,
        447,
        395,
        20
      ],
      "ignore": 0,
      "iscrowd": 0,
      "area": 7900
    },
    {
      "id": 4,
      "image_id": 0,
      "category_id": 0,
      "segmentation": [],
      "bbox": [
        108,
        477,
        397,
        21
      ],
      "ignore": 0,
      "iscrowd": 0,
      "area": 8337
    },
    {
      "id": 5,
      "image_id": 0,
      "category_id": 0,
      "segmentation": [],
      "bbox": [
        108,
        507,
        396,
        20
      ],
      "ignore": 0,
      "iscrowd": 0,
      "area": 7920
    },
    {
      "id": 6,
      "image_id": 0,
      "category_id": 0,
      "segmentation": [],
      "bbox": [
        108,
        537,
        396,
        20
      ],
      "ignore": 0,
      "iscrowd": 0,
      "area": 7920
    },
    {
      "id": 7,
      "image_id": 1,
      "category_id": 0,
      "segmentation": [],
      "bbox": [
        135,
        118,
        345,
        19
      ],
      "ignore": 0,
      "iscrowd": 0,
      "area": 6555
    },
    {
      "id": 8,
      "image_id": 1,
      "category_id": 0,
      "segmentation": [],
      "bbox": [
        135,
        140,
        345,
        30
      ],
      "ignore": 0,
      "iscrowd": 0,
      "area": 10350
    },
    {
      "id": 9,
      "image_id": 1,
      "category_id": 0,
      "segmentation": [],
      "bbox": [
        135,
        173,
        344,
        30
      ],
      "ignore": 0,
      "iscrowd": 0,
      "area": 10320
    },
    {
      "id": 10,
      "image_id": 1,
      "category_id": 0,
      "segmentation": [],
      "bbox": [
        135,
        206,
        346,
        41
      ],
      "ignore": 0,
      "iscrowd": 0,
      "area": 14186
    },
    {
      "id": 11,
      "image_id": 1,
      "category_id": 0,
      "segmentation": [],
      "bbox": [
        135,
        250,
        344,
        30
      ],
      "ignore": 0,
      "iscrowd": 0,
      "area": 10320
    },
    {
      "id": 12,
      "image_id": 1,
      "category_id": 0,
      "segmentation": [],
      "bbox": [
        135,
        282,
        344,
        30
      ],
      "ignore": 0,
      "iscrowd": 0,
      "area": 10320
    },
    {
      "id": 13,
      "image_id": 1,
      "category_id": 0,
      "segmentation": [],
      "bbox": [
        135,
        315,
        345,
        19
      ],
      "ignore": 0,
      "iscrowd": 0,
      "area": 6555
    },
    {
      "id": 14,
      "image_id": 1,
      "category_id": 0,
      "segmentation": [],
      "bbox": [
        135,
        337,
        346,
        41
      ],
      "ignore": 0,
      "iscrowd": 0,
      "area": 14186
    },
    {
      "id": 15,
      "image_id": 1,
      "category_id": 0,
      "segmentation": [],
      "bbox": [
        135,
        381,
        344,
        30
      ],
      "ignore": 0,
      "iscrowd": 0,
      "area": 10320
    },
    {
      "id": 16,
      "image_id": 1,
      "category_id": 0,
      "segmentation": [],
      "bbox": [
        135,
        414,
        344,
        19
      ],
      "ignore": 0,
      "iscrowd": 0,
      "area": 6536
    },
    {
      "id": 17,
      "image_id": 1,
      "category_id": 0,
      "segmentation": [],
      "bbox": [
        135,
        436,
        345,
        41
      ],
      "ignore": 0,
      "iscrowd": 0,
      "area": 14145
    },
    {
      "id": 18,
      "image_id": 1,
      "category_id": 0,
      "segmentation": [],
      "bbox": [
        135,
        480,
        346,
        30
      ],
      "ignore": 0,
      "iscrowd": 0,
      "area": 10380
    },
    {
      "id": 19,
      "image_id": 1,
      "category_id": 0,
      "segmentation": [],
      "bbox": [
        135,
        513,
        345,
        20
      ],
      "ignore": 0,
      "iscrowd": 0,
      "area": 6900
    },
    {
      "id": 20,
      "image_id": 1,
      "category_id": 0,
      "segmentation": [],
      "bbox": [
        135,
        535,
        345,
        30
      ],
      "ignore": 0,
      "iscrowd": 0,
      "area": 10350
    },
    {
      "id": 21,
      "image_id": 1,
      "category_id": 0,
      "segmentation": [],
      "bbox": [
        135,
        567,
        344,
        19
      ],
      "ignore": 0,
      "iscrowd": 0,
      "area": 6536
    },
    {
      "id": 22,
      "image_id": 1,
      "category_id": 0,
      "segmentation": [],
      "bbox": [
        135,
        589,
        346,
        45
      ],
      "ignore": 0,
      "iscrowd": 0,
      "area": 15570
    },
    {
      "id": 23,
      "image_id": 2,
      "category_id": 0,
      "segmentation": [],
      "bbox": [
        140,
        118,
        341,
        30
      ],
      "ignore": 0,
      "iscrowd": 0,
      "area": 10230
    },
    {
      "id": 24,
      "image_id": 2,
      "category_id": 0,
      "segmentation": [],
      "bbox": [
        140,
        151,
        341,
        30
      ],
      "ignore": 0,
      "iscrowd": 0,
      "area": 10230
    },
    {
      "id": 25,
      "image_id": 2,
      "category_id": 0,
      "segmentation": [],
      "bbox": [
        135,
        184,
        346,
        41
      ],
      "ignore": 0,
      "iscrowd": 0,
      "area": 14186
    },
    {
      "id": 26,
      "image_id": 2,
      "category_id": 0,
      "segmentation": [],
      "bbox": [
        135,
        228,
        344,
        30
      ],
      "ignore": 0,
      "iscrowd": 0,
      "area": 10320
    },
    {
      "id": 27,
      "image_id": 2,
      "category_id": 0,
      "segmentation": [],
      "bbox": [
        135,
        261,
        344,
        19
      ],
      "ignore": 0,
      "iscrowd": 0,
      "area": 6536
    },
    {
      "id": 28,
      "image_id": 2,
      "category_id": 0,
      "segmentation": [],
      "bbox": [
        135,
        283,
        346,
        30
      ],
      "ignore": 0,
      "iscrowd": 0,
      "area": 10380
    },
    {
      "id": 29,
      "image_id": 2,
      "category_id": 0,
      "segmentation": [],
      "bbox": [
        135,
        315,
        346,
        19
      ],
      "ignore": 0,
      "iscrowd": 0,
      "area": 6574
    },
    {
      "id": 30,
      "image_id": 2,
      "category_id": 0,
      "segmentation": [],
      "bbox": [
        135,
        337,
        344,
        30
      ],
      "ignore": 0,
      "iscrowd": 0,
      "area": 10320
    },
    {
      "id": 31,
      "image_id": 2,
      "category_id": 0,
      "segmentation": [],
      "bbox": [
        135,
        370,
        347,
        64
      ],
      "ignore": 0,
      "iscrowd": 0,
      "area": 22208
    },
    {
      "id": 32,
      "image_id": 2,
      "category_id": 0,
      "segmentation": [],
      "bbox": [
        135,
        436,
        345,
        53
      ],
      "ignore": 0,
      "iscrowd": 0,
      "area": 18285
    },
    {
      "id": 33,
      "image_id": 2,
      "category_id": 0,
      "segmentation": [],
      "bbox": [
        135,
        491,
        344,
        30
      ],
      "ignore": 0,
      "iscrowd": 0,
      "area": 10320
    },
    {
      "id": 34,
      "image_id": 2,
      "category_id": 0,
      "segmentation": [],
      "bbox": [
        135,
        524,
        345,
        30
      ],
      "ignore": 0,
      "iscrowd": 0,
      "area": 10350
    },
    {
      "id": 35,
      "image_id": 2,
      "category_id": 0,
      "segmentation": [],
      "bbox": [
        135,
        557,
        344,
        30
      ],
      "ignore": 0,
      "iscrowd": 0,
      "area": 10320
    },
    {
      "id": 36,
      "image_id": 2,
      "category_id": 0,
      "segmentation": [],
      "bbox": [
        135,
        589,
        346,
        41
      ],
      "ignore": 0,
      "iscrowd": 0,
      "area": 14186
    },
    {
      "id": 37,
      "image_id": 2,
      "category_id": 0,
      "segmentation": [],
      "bbox": [
        135,
        633,
        344,
        30
      ],
      "ignore": 0,
      "iscrowd": 0,
      "area": 10320
    },
    {
      "id": 38,
      "image_id": 3,
      "category_id": 0,
      "segmentation": [],
      "bbox": [
        140,
        379,
        341,
        85
      ],
      "ignore": 0,
      "iscrowd": 0,
      "area": 28985
    },
    {
      "id": 39,
      "image_id": 3,
      "category_id": 0,
      "segmentation": [],
      "bbox": [
        140,
        467,
        341,
        41
      ],
      "ignore": 0,
      "iscrowd": 0,
      "area": 13981
    },
    {
      "id": 40,
      "image_id": 3,
      "category_id": 0,
      "segmentation": [],
      "bbox": [
        140,
        511,
        341,
        41
      ],
      "ignore": 0,
      "iscrowd": 0,
      "area": 13981
    },
    {
      "id": 41,
      "image_id": 3,
      "category_id": 0,
      "segmentation": [],
      "bbox": [
        140,
        555,
        340,
        30
      ],
      "ignore": 0,
      "iscrowd": 0,
      "area": 10200
    },
    {
      "id": 42,
      "image_id": 3,
      "category_id": 0,
      "segmentation": [],
      "bbox": [
        140,
        589,
        340,
        19
      ],
      "ignore": 0,
      "iscrowd": 0,
      "area": 6460
    },
    {
      "id": 43,
      "image_id": 3,
      "category_id": 0,
      "segmentation": [],
      "bbox": [
        140,
        611,
        341,
        30
      ],
      "ignore": 0,
      "iscrowd": 0,
      "area": 10230
    },
    {
      "id": 44,
      "image_id": 3,
      "category_id": 0,
      "segmentation": [],
      "bbox": [
        140,
        644,
        341,
        19
      ],
      "ignore": 0,
      "iscrowd": 0,
      "area": 6479
    },
    {
      "id": 45,
      "image_id": 4,
      "category_id": 0,
      "segmentation": [],
      "bbox": [
        70,
        74,
        220,
        64
      ],
      "ignore": 0,
      "iscrowd": 0,
      "area": 14080
    },
    {
      "id": 46,
      "image_id": 4,
      "category_id": 0,
      "segmentation": [],
      "bbox": [
        70,
        148,
        220,
        75
      ],
      "ignore": 0,
      "iscrowd": 0,
      "area": 16500
    },
    {
      "id": 47,
      "image_id": 4,
      "category_id": 0,
      "segmentation": [],
      "bbox": [
        70,
        233,
        220,
        64
      ],
      "ignore": 0,
      "iscrowd": 0,
      "area": 14080
    },
    {
      "id": 48,
      "image_id": 4,
      "category_id": 0,
      "segmentation": [],
      "bbox": [
        70,
        308,
        220,
        75
      ],
      "ignore": 0,
      "iscrowd": 0,
      "area": 16500
    },
    {
      "id": 49,
      "image_id": 4,
      "category_id": 0,
      "segmentation": [],
      "bbox": [
        70,
        393,
        220,
        42
      ],
      "ignore": 0,
      "iscrowd": 0,
      "area": 9240
    },
    {
      "id": 50,
      "image_id": 4,
      "category_id": 0,
      "segmentation": [],
      "bbox": [
        70,
        446,
        220,
        53
      ],
      "ignore": 0,
      "iscrowd": 0,
      "area": 11660
    },
    {
      "id": 51,
      "image_id": 4,
      "category_id": 0,
      "segmentation": [],
      "bbox": [
        70,
        509,
        220,
        53
      ],
      "ignore": 0,
      "iscrowd": 0,
      "area": 11660
    },
    {
      "id": 52,
      "image_id": 4,
      "category_id": 0,
      "segmentation": [],
      "bbox": [
        70,
        572,
        218,
        20
      ],
      "ignore": 0,
      "iscrowd": 0,
      "area": 4360
    },
    {
      "id": 53,
      "image_id": 4,
      "category_id": 0,
      "segmentation": [],
      "bbox": [
        70,
        603,
        218,
        20
      ],
      "ignore": 0,
      "iscrowd": 0,
      "area": 4360
    },
    {
      "id": 54,
      "image_id": 4,
      "category_id": 0,
      "segmentation": [],
      "bbox": [
        70,
        634,
        220,
        97
      ],
      "ignore": 0,
      "iscrowd": 0,
      "area": 21340
    },
    {
      "id": 55,
      "image_id": 4,
      "category_id": 0,
      "segmentation": [],
      "bbox": [
        70,
        741,
        220,
        31
      ],
      "ignore": 0,
      "iscrowd": 0,
      "area": 6820
    },
    {
      "id": 56,
      "image_id": 4,
      "category_id": 0,
      "segmentation": [],
      "bbox": [
        306,
        73,
        220,
        86
      ],
      "ignore": 0,
      "iscrowd": 0,
      "area": 18920
    },
    {
      "id": 57,
      "image_id": 4,
      "category_id": 0,
      "segmentation": [],
      "bbox": [
        306,
        170,
        220,
        42
      ],
      "ignore": 0,
      "iscrowd": 0,
      "area": 9240
    },
    {
      "id": 58,
      "image_id": 4,
      "category_id": 0,
      "segmentation": [],
      "bbox": [
        306,
        223,
        220,
        31
      ],
      "ignore": 0,
      "iscrowd": 0,
      "area": 6820
    },
    {
      "id": 59,
      "image_id": 4,
      "category_id": 0,
      "segmentation": [],
      "bbox": [
        306,
        265,
        223,
        51
      ],
      "ignore": 0,
      "iscrowd": 0,
      "area": 11373
    },
    {
      "id": 60,
      "image_id": 5,
      "category_id": 0,
      "segmentation": [],
      "bbox": [
        306,
        292,
        220,
        75
      ],
      "ignore": 0,
      "iscrowd": 0,
      "area": 16500
    },
    {
      "id": 61,
      "image_id": 5,
      "category_id": 0,
      "segmentation": [],
      "bbox": [
        306,
        382,
        220,
        97
      ],
      "ignore": 0,
      "iscrowd": 0,
      "area": 21340
    },
    {
      "id": 62,
      "image_id": 5,
      "category_id": 0,
      "segmentation": [],
      "bbox": [
        306,
        494,
        219,
        31
      ],
      "ignore": 0,
      "iscrowd": 0,
      "area": 6789
    },
    {
      "id": 63,
      "image_id": 5,
      "category_id": 0,
      "segmentation": [],
      "bbox": [
        306,
        540,
        220,
        53
      ],
      "ignore": 0,
      "iscrowd": 0,
      "area": 11660
    },
    {
      "id": 64,
      "image_id": 5,
      "category_id": 0,
      "segmentation": [],
      "bbox": [
        306,
        607,
        220,
        75
      ],
      "ignore": 0,
      "iscrowd": 0,
      "area": 16500
    },
    {
      "id": 65,
      "image_id": 5,
      "category_id": 0,
      "segmentation": [],
      "bbox": [
        306,
        697,
        220,
        75
      ],
      "ignore": 0,
      "iscrowd": 0,
      "area": 16500
    },
    {
      "id": 66,
      "image_id": 6,
      "category_id": 0,
      "segmentation": [],
      "bbox": [
        50,
        74,
        236,
        52
      ],
      "ignore": 0,
      "iscrowd": 0,
      "area": 12272
    },
    {
      "id": 67,
      "image_id": 6,
      "category_id": 0,
      "segmentation": [],
      "bbox": [
        50,
        130,
        236,
        63
      ],
      "ignore": 0,
      "iscrowd": 0,
      "area": 14868
    },
    {
      "id": 68,
      "image_id": 6,
      "category_id": 0,
      "segmentation": [],
      "bbox": [
        50,
        197,
        236,
        41
      ],
      "ignore": 0,
      "iscrowd": 0,
      "area": 9676
    },
    {
      "id": 69,
      "image_id": 6,
      "category_id": 0,
      "segmentation": [],
      "bbox": [
        50,
        242,
        236,
        52
      ],
      "ignore": 0,
      "iscrowd": 0,
      "area": 12272
    },
    {
      "id": 70,
      "image_id": 6,
      "category_id": 0,
      "segmentation": [],
      "bbox": [
        50,
        298,
        236,
        30
      ],
      "ignore": 0,
      "iscrowd": 0,
      "area": 7080
    },
    {
      "id": 71,
      "image_id": 6,
      "category_id": 0,
      "segmentation": [],
      "bbox": [
        50,
        331,
        236,
        41
      ],
      "ignore": 0,
      "iscrowd": 0,
      "area": 9676
    },
    {
      "id": 72,
      "image_id": 6,
      "category_id": 0,
      "segmentation": [],
      "bbox": [
        50,
        376,
        236,
        52
      ],
      "ignore": 0,
      "iscrowd": 0,
      "area": 12272
    },
    {
      "id": 73,
      "image_id": 6,
      "category_id": 0,
      "segmentation": [],
      "bbox": [
        50,
        432,
        236,
        41
      ],
      "ignore": 0,
      "iscrowd": 0,
      "area": 9676
    },
    {
      "id": 74,
      "image_id": 6,
      "category_id": 0,
      "segmentation": [],
      "bbox": [
        50,
        477,
        236,
        30
      ],
      "ignore": 0,
      "iscrowd": 0,
      "area": 7080
    },
    {
      "id": 75,
      "image_id": 6,
      "category_id": 0,
      "segmentation": [],
      "bbox": [
        50,
        511,
        236,
        30
      ],
      "ignore": 0,
      "iscrowd": 0,
      "area": 7080
    },
    {
      "id": 76,
      "image_id": 6,
      "category_id": 0,
      "segmentation": [],
      "bbox": [
        50,
        545,
        239,
        65
      ],
      "ignore": 0,
      "iscrowd": 0,
      "area": 15535
    },
    {
      "id": 77,
      "image_id": 7,
      "category_id": 0,
      "segmentation": [],
      "bbox": [
        54,
        163,
        231,
        31
      ],
      "ignore": 0,
      "iscrowd": 0,
      "area": 7161
    },
    {
      "id": 78,
      "image_id": 7,
      "category_id": 0,
      "segmentation": [],
      "bbox": [
        54,
        196,
        231,
        52
      ],
      "ignore": 0,
      "iscrowd": 0,
      "area": 12012
    },
    {
      "id": 79,
      "image_id": 7,
      "category_id": 0,
      "segmentation": [],
      "bbox": [
        54,
        251,
        231,
        52
      ],
      "ignore": 0,
      "iscrowd": 0,
      "area": 12012
    },
    {
      "id": 80,
      "image_id": 7,
      "category_id": 0,
      "segmentation": [],
      "bbox": [
        54,
        306,
        231,
        63
      ],
      "ignore": 0,
      "iscrowd": 0,
      "area": 14553
    },
    {
      "id": 81,
      "image_id": 7,
      "category_id": 0,
      "segmentation": [],
      "bbox": [
        54,
        372,
        231,
        41
      ],
      "ignore": 0,
      "iscrowd": 0,
      "area": 9471
    },
    {
      "id": 82,
      "image_id": 7,
      "category_id": 0,
      "segmentation": [],
      "bbox": [
        54,
        417,
        231,
        30
      ],
      "ignore": 0,
      "iscrowd": 0,
      "area": 6930
    },
    {
      "id": 83,
      "image_id": 7,
      "category_id": 0,
      "segmentation": [],
      "bbox": [
        54,
        450,
        231,
        52
      ],
      "ignore": 0,
      "iscrowd": 0,
      "area": 12012
    },
    {
      "id": 84,
      "image_id": 7,
      "category_id": 0,
      "segmentation": [],
      "bbox": [
        54,
        505,
        231,
        52
      ],
      "ignore": 0,
      "iscrowd": 0,
      "area": 12012
    },
    {
      "id": 85,
      "image_id": 7,
      "category_id": 0,
      "segmentation": [],
      "bbox": [
        54,
        560,
        231,
        41
      ],
      "ignore": 0,
      "iscrowd": 0,
      "area": 9471
    },
    {
      "id": 86,
      "image_id": 7,
      "category_id": 0,
      "segmentation": [],
      "bbox": [
        50,
        604,
        236,
        52
      ],
      "ignore": 0,
      "iscrowd": 0,
      "area": 12272
    },
    {
      "id": 87,
      "image_id": 7,
      "category_id": 0,
      "segmentation": [],
      "bbox": [
        50,
        660,
        236,
        55
      ],
      "ignore": 0,
      "iscrowd": 0,
      "area": 12980
    },
    {
      "id": 88,
      "image_id": 7,
      "category_id": 0,
      "segmentation": [],
      "bbox": [
        308,
        74,
        236,
        52
      ],
      "ignore": 0,
      "iscrowd": 0,
      "area": 12272
    },
    {
      "id": 89,
      "image_id": 7,
      "category_id": 0,
      "segmentation": [],
      "bbox": [
        308,
        130,
        236,
        52
      ],
      "ignore": 0,
      "iscrowd": 0,
      "area": 12272
    },
    {
      "id": 90,
      "image_id": 7,
      "category_id": 0,
      "segmentation": [],
      "bbox": [
        308,
        185,
        236,
        41
      ],
      "ignore": 0,
      "iscrowd": 0,
      "area": 9676
    },
    {
      "id": 91,
      "image_id": 7,
      "category_id": 0,
      "segmentation": [],
      "bbox": [
        308,
        229,
        236,
        63
      ],
      "ignore": 0,
      "iscrowd": 0,
      "area": 14868
    },
    {
      "id": 92,
      "image_id": 7,
      "category_id": 0,
      "segmentation": [],
      "bbox": [
        308,
        295,
        236,
        41
      ],
      "ignore": 0,
      "iscrowd": 0,
      "area": 9676
    },
    {
      "id": 93,
      "image_id": 7,
      "category_id": 0,
      "segmentation": [],
      "bbox": [
        308,
        339,
        236,
        41
      ],
      "ignore": 0,
      "iscrowd": 0,
      "area": 9676
    },
    {
      "id": 94,
      "image_id": 7,
      "category_id": 0,
      "segmentation": [],
      "bbox": [
        308,
        383,
        236,
        52
      ],
      "ignore": 0,
      "iscrowd": 0,
      "area": 12272
    },
    {
      "id": 95,
      "image_id": 7,
      "category_id": 0,
      "segmentation": [],
      "bbox": [
        308,
        439,
        236,
        52
      ],
      "ignore": 0,
      "iscrowd": 0,
      "area": 12272
    },
    {
      "id": 96,
      "image_id": 7,
      "category_id": 0,
      "segmentation": [],
      "bbox": [
        308,
        494,
        236,
        41
      ],
      "ignore": 0,
      "iscrowd": 0,
      "area": 9676
    },
    {
      "id": 97,
      "image_id": 7,
      "category_id": 0,
      "segmentation": [],
      "bbox": [
        308,
        538,
        236,
        30
      ],
      "ignore": 0,
      "iscrowd": 0,
      "area": 7080
    },
    {
      "id": 98,
      "image_id": 7,
      "category_id": 0,
      "segmentation": [],
      "bbox": [
        308,
        571,
        236,
        30
      ],
      "ignore": 0,
      "iscrowd": 0,
      "area": 7080
    },
    {
      "id": 99,
      "image_id": 7,
      "category_id": 0,
      "segmentation": [],
      "bbox": [
        308,
        604,
        236,
        63
      ],
      "ignore": 0,
      "iscrowd": 0,
      "area": 14868
    },
    {
      "id": 100,
      "image_id": 7,
      "category_id": 0,
      "segmentation": [],
      "bbox": [
        308,
        671,
        236,
        41
      ],
      "ignore": 0,
      "iscrowd": 0,
      "area": 9676
    },
    {
      "id": 101,
      "image_id": 8,
      "category_id": 0,
      "segmentation": [],
      "bbox": [
        54,
        190,
        231,
        52
      ],
      "ignore": 0,
      "iscrowd": 0,
      "area": 12012
    },
    {
      "id": 102,
      "image_id": 8,
      "category_id": 0,
      "segmentation": [],
      "bbox": [
        54,
        246,
        231,
        30
      ],
      "ignore": 0,
      "iscrowd": 0,
      "area": 6930
    },
    {
      "id": 103,
      "image_id": 8,
      "category_id": 0,
      "segmentation": [],
      "bbox": [
        54,
        280,
        231,
        41
      ],
      "ignore": 0,
      "iscrowd": 0,
      "area": 9471
    },
    {
      "id": 104,
      "image_id": 8,
      "category_id": 0,
      "segmentation": [],
      "bbox": [
        54,
        324,
        231,
        52
      ],
      "ignore": 0,
      "iscrowd": 0,
      "area": 12012
    },
    {
      "id": 105,
      "image_id": 8,
      "category_id": 0,
      "segmentation": [],
      "bbox": [
        54,
        380,
        231,
        52
      ],
      "ignore": 0,
      "iscrowd": 0,
      "area": 12012
    },
    {
      "id": 106,
      "image_id": 8,
      "category_id": 0,
      "segmentation": [],
      "bbox": [
        54,
        435,
        231,
        52
      ],
      "ignore": 0,
      "iscrowd": 0,
      "area": 12012
    },
    {
      "id": 107,
      "image_id": 8,
      "category_id": 0,
      "segmentation": [],
      "bbox": [
        54,
        491,
        231,
        52
      ],
      "ignore": 0,
      "iscrowd": 0,
      "area": 12012
    },
    {
      "id": 108,
      "image_id": 8,
      "category_id": 0,
      "segmentation": [],
      "bbox": [
        54,
        547,
        231,
        41
      ],
      "ignore": 0,
      "iscrowd": 0,
      "area": 9471
    },
    {
      "id": 109,
      "image_id": 8,
      "category_id": 0,
      "segmentation": [],
      "bbox": [
        54,
        591,
        187,
        8
      ],
      "ignore": 0,
      "iscrowd": 0,
      "area": 1496
    },
    {
      "id": 110,
      "image_id": 8,
      "category_id": 0,
      "segmentation": [],
      "bbox": [
        50,
        603,
        192,
        8
      ],
      "ignore": 0,
      "iscrowd": 0,
      "area": 1536
    },
    {
      "id": 111,
      "image_id": 8,
      "category_id": 0,
      "segmentation": [],
      "bbox": [
        50,
        615,
        236,
        41
      ],
      "ignore": 0,
      "iscrowd": 0,
      "area": 9676
    },
    {
      "id": 112,
      "image_id": 8,
      "category_id": 0,
      "segmentation": [],
      "bbox": [
        50,
        660,
        236,
        52
      ],
      "ignore": 0,
      "iscrowd": 0,
      "area": 12272
    },
    {
      "id": 113,
      "image_id": 8,
      "category_id": 0,
      "segmentation": [],
      "bbox": [
        308,
        74,
        236,
        41
      ],
      "ignore": 0,
      "iscrowd": 0,
      "area": 9676
    },
    {
      "id": 114,
      "image_id": 8,
      "category_id": 0,
      "segmentation": [],
      "bbox": [
        308,
        119,
        236,
        20
      ],
      "ignore": 0,
      "iscrowd": 0,
      "area": 4720
    },
    {
      "id": 115,
      "image_id": 8,
      "category_id": 0,
      "segmentation": [],
      "bbox": [
        308,
        142,
        236,
        52
      ],
      "ignore": 0,
      "iscrowd": 0,
      "area": 12272
    },
    {
      "id": 116,
      "image_id": 8,
      "category_id": 0,
      "segmentation": [],
      "bbox": [
        308,
        197,
        236,
        52
      ],
      "ignore": 0,
      "iscrowd": 0,
      "area": 12272
    },
    {
      "id": 117,
      "image_id": 8,
      "category_id": 0,
      "segmentation": [],
      "bbox": [
        308,
        253,
        236,
        41
      ],
      "ignore": 0,
      "iscrowd": 0,
      "area": 9676
    },
    {
      "id": 118,
      "image_id": 8,
      "category_id": 0,
      "segmentation": [],
      "bbox": [
        308,
        298,
        236,
        41
      ],
      "ignore": 0,
      "iscrowd": 0,
      "area": 9676
    },
    {
      "id": 119,
      "image_id": 8,
      "category_id": 0,
      "segmentation": [],
      "bbox": [
        308,
        342,
        236,
        63
      ],
      "ignore": 0,
      "iscrowd": 0,
      "area": 14868
    },
    {
      "id": 120,
      "image_id": 8,
      "category_id": 0,
      "segmentation": [],
      "bbox": [
        308,
        409,
        236,
        63
      ],
      "ignore": 0,
      "iscrowd": 0,
      "area": 14868
    },
    {
      "id": 121,
      "image_id": 8,
      "category_id": 0,
      "segmentation": [],
      "bbox": [
        308,
        475,
        236,
        31
      ],
      "ignore": 0,
      "iscrowd": 0,
      "area": 7316
    },
    {
      "id": 122,
      "image_id": 8,
      "category_id": 0,
      "segmentation": [],
      "bbox": [
        308,
        509,
        236,
        30
      ],
      "ignore": 0,
      "iscrowd": 0,
      "area": 7080
    },
    {
      "id": 123,
      "image_id": 8,
      "category_id": 0,
      "segmentation": [],
      "bbox": [
        308,
        543,
        236,
        74
      ],
      "ignore": 0,
      "iscrowd": 0,
      "area": 17464
    },
    {
      "id": 124,
      "image_id": 8,
      "category_id": 0,
      "segmentation": [],
      "bbox": [
        308,
        620,
        236,
        30
      ],
      "ignore": 0,
      "iscrowd": 0,
      "area": 7080
    },
    {
      "id": 125,
      "image_id": 8,
      "category_id": 0,
      "segmentation": [],
      "bbox": [
        308,
        654,
        236,
        52
      ],
      "ignore": 0,
      "iscrowd": 0,
      "area": 12272
    },
    {
      "id": 126,
      "image_id": 9,
      "category_id": 0,
      "segmentation": [],
      "bbox": [
        49,
        74,
        236,
        29
      ],
      "ignore": 0,
      "iscrowd": 0,
      "area": 6844
    },
    {
      "id": 127,
      "image_id": 9,
      "category_id": 0,
      "segmentation": [],
      "bbox": [
        49,
        110,
        237,
        29
      ],
      "ignore": 0,
      "iscrowd": 0,
      "area": 6873
    },
    {
      "id": 128,
      "image_id": 9,
      "category_id": 0,
      "segmentation": [],
      "bbox": [
        49,
        145,
        236,
        19
      ],
      "ignore": 0,
      "iscrowd": 0,
      "area": 4484
    },
    {
      "id": 129,
      "image_id": 9,
      "category_id": 0,
      "segmentation": [],
      "bbox": [
        49,
        170,
        237,
        29
      ],
      "ignore": 0,
      "iscrowd": 0,
      "area": 6873
    },
    {
      "id": 130,
      "image_id": 9,
      "category_id": 0,
      "segmentation": [],
      "bbox": [
        49,
        205,
        237,
        29
      ],
      "ignore": 0,
      "iscrowd": 0,
      "area": 6873
    },
    {
      "id": 131,
      "image_id": 9,
      "category_id": 0,
      "segmentation": [],
      "bbox": [
        49,
        240,
        237,
        29
      ],
      "ignore": 0,
      "iscrowd": 0,
      "area": 6873
    },
    {
      "id": 132,
      "image_id": 9,
      "category_id": 0,
      "segmentation": [],
      "bbox": [
        49,
        275,
        240,
        32
      ],
      "ignore": 0,
      "iscrowd": 0,
      "area": 7680
    },
    {
      "id": 133,
      "image_id": 10,
      "category_id": 0,
      "segmentation": [],
      "bbox": [
        54,
        367,
        232,
        29
      ],
      "ignore": 0,
      "iscrowd": 0,
      "area": 6728
    },
    {
      "id": 134,
      "image_id": 10,
      "category_id": 0,
      "segmentation": [],
      "bbox": [
        54,
        402,
        233,
        29
      ],
      "ignore": 0,
      "iscrowd": 0,
      "area": 6757
    },
    {
      "id": 135,
      "image_id": 10,
      "category_id": 0,
      "segmentation": [],
      "bbox": [
        54,
        436,
        232,
        19
      ],
      "ignore": 0,
      "iscrowd": 0,
      "area": 4408
    },
    {
      "id": 136,
      "image_id": 10,
      "category_id": 0,
      "segmentation": [],
      "bbox": [
        49,
        460,
        236,
        19
      ],
      "ignore": 0,
      "iscrowd": 0,
      "area": 4484
    },
    {
      "id": 137,
      "image_id": 10,
      "category_id": 0,
      "segmentation": [],
      "bbox": [
        49,
        484,
        236,
        19
      ],
      "ignore": 0,
      "iscrowd": 0,
      "area": 4484
    },
    {
      "id": 138,
      "image_id": 10,
      "category_id": 0,
      "segmentation": [],
      "bbox": [
        49,
        508,
        236,
        19
      ],
      "ignore": 0,
      "iscrowd": 0,
      "area": 4484
    },
    {
      "id": 139,
      "image_id": 10,
      "category_id": 0,
      "segmentation": [],
      "bbox": [
        49,
        532,
        237,
        29
      ],
      "ignore": 0,
      "iscrowd": 0,
      "area": 6873
    },
    {
      "id": 140,
      "image_id": 10,
      "category_id": 0,
      "segmentation": [],
      "bbox": [
        49,
        566,
        236,
        19
      ],
      "ignore": 0,
      "iscrowd": 0,
      "area": 4484
    },
    {
      "id": 141,
      "image_id": 10,
      "category_id": 0,
      "segmentation": [],
      "bbox": [
        49,
        590,
        236,
        29
      ],
      "ignore": 0,
      "iscrowd": 0,
      "area": 6844
    },
    {
      "id": 142,
      "image_id": 10,
      "category_id": 0,
      "segmentation": [],
      "bbox": [
        49,
        624,
        236,
        19
      ],
      "ignore": 0,
      "iscrowd": 0,
      "area": 4484
    },
    {
      "id": 143,
      "image_id": 10,
      "category_id": 0,
      "segmentation": [],
      "bbox": [
        49,
        648,
        237,
        29
      ],
      "ignore": 0,
      "iscrowd": 0,
      "area": 6873
    },
    {
      "id": 144,
      "image_id": 10,
      "category_id": 0,
      "segmentation": [],
      "bbox": [
        49,
        683,
        241,
        32
      ],
      "ignore": 0,
      "iscrowd": 0,
      "area": 7712
    },
    {
      "id": 145,
      "image_id": 10,
      "category_id": 0,
      "segmentation": [],
      "bbox": [
        308,
        367,
        236,
        29
      ],
      "ignore": 0,
      "iscrowd": 0,
      "area": 6844
    },
    {
      "id": 146,
      "image_id": 10,
      "category_id": 0,
      "segmentation": [],
      "bbox": [
        308,
        403,
        236,
        19
      ],
      "ignore": 0,
      "iscrowd": 0,
      "area": 4484
    },
    {
      "id": 147,
      "image_id": 10,
      "category_id": 0,
      "segmentation": [],
      "bbox": [
        308,
        428,
        237,
        40
      ],
      "ignore": 0,
      "iscrowd": 0,
      "area": 9480
    },
    {
      "id": 148,
      "image_id": 10,
      "category_id": 0,
      "segmentation": [],
      "bbox": [
        308,
        474,
        236,
        19
      ],
      "ignore": 0,
      "iscrowd": 0,
      "area": 4484
    },
    {
      "id": 149,
      "image_id": 10,
      "category_id": 0,
      "segmentation": [],
      "bbox": [
        308,
        500,
        237,
        29
      ],
      "ignore": 0,
      "iscrowd": 0,
      "area": 6873
    },
    {
      "id": 150,
      "image_id": 10,
      "category_id": 0,
      "segmentation": [],
      "bbox": [
        308,
        535,
        237,
        19
      ],
      "ignore": 0,
      "iscrowd": 0,
      "area": 4503
    },
    {
      "id": 151,
      "image_id": 10,
      "category_id": 0,
      "segmentation": [],
      "bbox": [
        308,
        561,
        237,
        29
      ],
      "ignore": 0,
      "iscrowd": 0,
      "area": 6873
    },
    {
      "id": 152,
      "image_id": 10,
      "category_id": 0,
      "segmentation": [],
      "bbox": [
        308,
        596,
        236,
        29
      ],
      "ignore": 0,
      "iscrowd": 0,
      "area": 6844
    },
    {
      "id": 153,
      "image_id": 10,
      "category_id": 0,
      "segmentation": [],
      "bbox": [
        308,
        632,
        236,
        19
      ],
      "ignore": 0,
      "iscrowd": 0,
      "area": 4484
    },
    {
      "id": 154,
      "image_id": 10,
      "category_id": 0,
      "segmentation": [],
      "bbox": [
        308,
        657,
        237,
        19
      ],
      "ignore": 0,
      "iscrowd": 0,
      "area": 4503
    },
    {
      "id": 155,
      "image_id": 10,
      "category_id": 0,
      "segmentation": [],
      "bbox": [
        308,
        683,
        237,
        29
      ],
      "ignore": 0,
      "iscrowd": 0,
      "area": 6873
    },
    {
      "id": 156,
      "image_id": 11,
      "category_id": 0,
      "segmentation": [],
      "bbox": [
        313,
        504,
        233,
        29
      ],
      "ignore": 0,
      "iscrowd": 0,
      "area": 6757
    },
    {
      "id": 157,
      "image_id": 11,
      "category_id": 0,
      "segmentation": [],
      "bbox": [
        313,
        540,
        233,
        19
      ],
      "ignore": 0,
      "iscrowd": 0,
      "area": 4427
    },
    {
      "id": 158,
      "image_id": 11,
      "category_id": 0,
      "segmentation": [],
      "bbox": [
        313,
        565,
        233,
        29
      ],
      "ignore": 0,
      "iscrowd": 0,
      "area": 6757
    },
    {
      "id": 159,
      "image_id": 11,
      "category_id": 0,
      "segmentation": [],
      "bbox": [
        313,
        601,
        233,
        40
      ],
      "ignore": 0,
      "iscrowd": 0,
      "area": 9320
    },
    {
      "id": 160,
      "image_id": 11,
      "category_id": 0,
      "segmentation": [],
      "bbox": [
        313,
        647,
        232,
        29
      ],
      "ignore": 0,
      "iscrowd": 0,
      "area": 6728
    },
    {
      "id": 161,
      "image_id": 11,
      "category_id": 0,
      "segmentation": [],
      "bbox": [
        313,
        683,
        233,
        29
      ],
      "ignore": 0,
      "iscrowd": 0,
      "area": 6757
    },
    {
      "id": 162,
      "image_id": 12,
      "category_id": 0,
      "segmentation": [],
      "bbox": [
        108,
        84,
        396,
        20
      ],
      "ignore": 0,
      "iscrowd": 0,
      "area": 7920
    },
    {
      "id": 163,
      "image_id": 12,
      "category_id": 0,
      "segmentation": [],
      "bbox": [
        108,
        112,
        396,
        20
      ],
      "ignore": 0,
      "iscrowd": 0,
      "area": 7920
    },
    {
      "id": 164,
      "image_id": 12,
      "category_id": 0,
      "segmentation": [],
      "bbox": [
        108,
        141,
        396,
        20
      ],
      "ignore": 0,
      "iscrowd": 0,
      "area": 7920
    },
    {
      "id": 165,
      "image_id": 12,
      "category_id": 0,
      "segmentation": [],
      "bbox": [
        108,
        169,
        396,
        20
      ],
      "ignore": 0,
      "iscrowd": 0,
      "area": 7920
    },
    {
      "id": 166,
      "image_id": 12,
      "category_id": 0,
      "segmentation": [],
      "bbox": [
        108,
        198,
        396,
        31
      ],
      "ignore": 0,
      "iscrowd": 0,
      "area": 12276
    },
    {
      "id": 167,
      "image_id": 12,
      "category_id": 0,
      "segmentation": [],
      "bbox": [
        108,
        237,
        396,
        20
      ],
      "ignore": 0,
      "iscrowd": 0,
      "area": 7920
    },
    {
      "id": 168,
      "image_id": 12,
      "category_id": 0,
      "segmentation": [],
      "bbox": [
        108,
        266,
        396,
        20
      ],
      "ignore": 0,
      "iscrowd": 0,
      "area": 7920
    },
    {
      "id": 169,
      "image_id": 12,
      "category_id": 0,
      "segmentation": [],
      "bbox": [
        108,
        294,
        396,
        20
      ],
      "ignore": 0,
      "iscrowd": 0,
      "area": 7920
    },
    {
      "id": 170,
      "image_id": 12,
      "category_id": 0,
      "segmentation": [],
      "bbox": [
        108,
        323,
        396,
        31
      ],
      "ignore": 0,
      "iscrowd": 0,
      "area": 12276
    },
    {
      "id": 171,
      "image_id": 12,
      "category_id": 0,
      "segmentation": [],
      "bbox": [
        108,
        362,
        396,
        31
      ],
      "ignore": 0,
      "iscrowd": 0,
      "area": 12276
    },
    {
      "id": 172,
      "image_id": 12,
      "category_id": 0,
      "segmentation": [],
      "bbox": [
        108,
        401,
        396,
        20
      ],
      "ignore": 0,
      "iscrowd": 0,
      "area": 7920
    },
    {
      "id": 173,
      "image_id": 12,
      "category_id": 0,
      "segmentation": [],
      "bbox": [
        108,
        430,
        396,
        20
      ],
      "ignore": 0,
      "iscrowd": 0,
      "area": 7920
    },
    {
      "id": 174,
      "image_id": 12,
      "category_id": 0,
      "segmentation": [],
      "bbox": [
        108,
        458,
        396,
        20
      ],
      "ignore": 0,
      "iscrowd": 0,
      "area": 7920
    },
    {
      "id": 175,
      "image_id": 12,
      "category_id": 0,
      "segmentation": [],
      "bbox": [
        108,
        487,
        396,
        20
      ],
      "ignore": 0,
      "iscrowd": 0,
      "area": 7920
    },
    {
      "id": 176,
      "image_id": 12,
      "category_id": 0,
      "segmentation": [],
      "bbox": [
        108,
        515,
        396,
        20
      ],
      "ignore": 0,
      "iscrowd": 0,
      "area": 7920
    },
    {
      "id": 177,
      "image_id": 12,
      "category_id": 0,
      "segmentation": [],
      "bbox": [
        108,
        544,
        396,
        20
      ],
      "ignore": 0,
      "iscrowd": 0,
      "area": 7920
    },
    {
      "id": 178,
      "image_id": 12,
      "category_id": 0,
      "segmentation": [],
      "bbox": [
        108,
        572,
        396,
        42
      ],
      "ignore": 0,
      "iscrowd": 0,
      "area": 16632
    },
    {
      "id": 179,
      "image_id": 12,
      "category_id": 0,
      "segmentation": [],
      "bbox": [
        108,
        623,
        396,
        20
      ],
      "ignore": 0,
      "iscrowd": 0,
      "area": 7920
    },
    {
      "id": 180,
      "image_id": 12,
      "category_id": 0,
      "segmentation": [],
      "bbox": [
        108,
        651,
        396,
        20
      ],
      "ignore": 0,
      "iscrowd": 0,
      "area": 7920
    },
    {
      "id": 181,
      "image_id": 12,
      "category_id": 0,
      "segmentation": [],
      "bbox": [
        108,
        680,
        396,
        20
      ],
      "ignore": 0,
      "iscrowd": 0,
      "area": 7920
    },
    {
      "id": 182,
      "image_id": 12,
      "category_id": 0,
      "segmentation": [],
      "bbox": [
        108,
        708,
        396,
        20
      ],
      "ignore": 0,
      "iscrowd": 0,
      "area": 7920
    },
    {
      "id": 183,
      "image_id": 13,
      "category_id": 0,
      "segmentation": [],
      "bbox": [
        108,
        101,
        396,
        31
      ],
      "ignore": 0,
      "iscrowd": 0,
      "area": 12276
    },
    {
      "id": 184,
      "image_id": 13,
      "category_id": 0,
      "segmentation": [],
      "bbox": [
        108,
        141,
        396,
        20
      ],
      "ignore": 0,
      "iscrowd": 0,
      "area": 7920
    },
    {
      "id": 185,
      "image_id": 13,
      "category_id": 0,
      "segmentation": [],
      "bbox": [
        108,
        170,
        396,
        20
      ],
      "ignore": 0,
      "iscrowd": 0,
      "area": 7920
    },
    {
      "id": 186,
      "image_id": 13,
      "category_id": 0,
      "segmentation": [],
      "bbox": [
        108,
        199,
        395,
        31
      ],
      "ignore": 0,
      "iscrowd": 0,
      "area": 12245
    },
    {
      "id": 187,
      "image_id": 13,
      "category_id": 0,
      "segmentation": [],
      "bbox": [
        108,
        240,
        396,
        20
      ],
      "ignore": 0,
      "iscrowd": 0,
      "area": 7920
    },
    {
      "id": 188,
      "image_id": 13,
      "category_id": 0,
      "segmentation": [],
      "bbox": [
        108,
        269,
        396,
        20
      ],
      "ignore": 0,
      "iscrowd": 0,
      "area": 7920
    },
    {
      "id": 189,
      "image_id": 13,
      "category_id": 0,
      "segmentation": [],
      "bbox": [
        108,
        298,
        396,
        20
      ],
      "ignore": 0,
      "iscrowd": 0,
      "area": 7920
    },
    {
      "id": 190,
      "image_id": 13,
      "category_id": 0,
      "segmentation": [],
      "bbox": [
        108,
        327,
        396,
        20
      ],
      "ignore": 0,
      "iscrowd": 0,
      "area": 7920
    },
    {
      "id": 191,
      "image_id": 13,
      "category_id": 0,
      "segmentation": [],
      "bbox": [
        108,
        356,
        396,
        42
      ],
      "ignore": 0,
      "iscrowd": 0,
      "area": 16632
    },
    {
      "id": 192,
      "image_id": 13,
      "category_id": 0,
      "segmentation": [],
      "bbox": [
        108,
        408,
        396,
        20
      ],
      "ignore": 0,
      "iscrowd": 0,
      "area": 7920
    },
    {
      "id": 193,
      "image_id": 13,
      "category_id": 0,
      "segmentation": [],
      "bbox": [
        108,
        437,
        396,
        31
      ],
      "ignore": 0,
      "iscrowd": 0,
      "area": 12276
    },
    {
      "id": 194,
      "image_id": 13,
      "category_id": 0,
      "segmentation": [],
      "bbox": [
        108,
        477,
        396,
        20
      ],
      "ignore": 0,
      "iscrowd": 0,
      "area": 7920
    },
    {
      "id": 195,
      "image_id": 13,
      "category_id": 0,
      "segmentation": [],
      "bbox": [
        108,
        506,
        396,
        20
      ],
      "ignore": 0,
      "iscrowd": 0,
      "area": 7920
    },
    {
      "id": 196,
      "image_id": 13,
      "category_id": 0,
      "segmentation": [],
      "bbox": [
        108,
        535,
        396,
        20
      ],
      "ignore": 0,
      "iscrowd": 0,
      "area": 7920
    },
    {
      "id": 197,
      "image_id": 13,
      "category_id": 0,
      "segmentation": [],
      "bbox": [
        108,
        565,
        396,
        20
      ],
      "ignore": 0,
      "iscrowd": 0,
      "area": 7920
    },
    {
      "id": 198,
      "image_id": 13,
      "category_id": 0,
      "segmentation": [],
      "bbox": [
        108,
        594,
        396,
        20
      ],
      "ignore": 0,
      "iscrowd": 0,
      "area": 7920
    },
    {
      "id": 199,
      "image_id": 13,
      "category_id": 0,
      "segmentation": [],
      "bbox": [
        108,
        623,
        396,
        20
      ],
      "ignore": 0,
      "iscrowd": 0,
      "area": 7920
    },
    {
      "id": 200,
      "image_id": 13,
      "category_id": 0,
      "segmentation": [],
      "bbox": [
        108,
        652,
        395,
        10
      ],
      "ignore": 0,
      "iscrowd": 0,
      "area": 3950
    },
    {
      "id": 201,
      "image_id": 13,
      "category_id": 0,
      "segmentation": [],
      "bbox": [
        108,
        670,
        377,
        10
      ],
      "ignore": 0,
      "iscrowd": 0,
      "area": 3770
    },
    {
      "id": 202,
      "image_id": 13,
      "category_id": 0,
      "segmentation": [],
      "bbox": [
        107,
        689,
        396,
        41
      ],
      "ignore": 0,
      "iscrowd": 0,
      "area": 16236
    },
    {
      "id": 203,
      "image_id": 14,
      "category_id": 0,
      "segmentation": [],
      "bbox": [
        72,
        65,
        218,
        42
      ],
      "ignore": 0,
      "iscrowd": 0,
      "area": 9156
    },
    {
      "id": 204,
      "image_id": 14,
      "category_id": 0,
      "segmentation": [],
      "bbox": [
        72,
        117,
        218,
        53
      ],
      "ignore": 0,
      "iscrowd": 0,
      "area": 11554
    },
    {
      "id": 205,
      "image_id": 14,
      "category_id": 0,
      "segmentation": [],
      "bbox": [
        72,
        180,
        218,
        42
      ],
      "ignore": 0,
      "iscrowd": 0,
      "area": 9156
    },
    {
      "id": 206,
      "image_id": 14,
      "category_id": 0,
      "segmentation": [],
      "bbox": [
        72,
        232,
        218,
        42
      ],
      "ignore": 0,
      "iscrowd": 0,
      "area": 9156
    },
    {
      "id": 207,
      "image_id": 14,
      "category_id": 0,
      "segmentation": [],
      "bbox": [
        72,
        284,
        218,
        42
      ],
      "ignore": 0,
      "iscrowd": 0,
      "area": 9156
    },
    {
      "id": 208,
      "image_id": 14,
      "category_id": 0,
      "segmentation": [],
      "bbox": [
        72,
        336,
        218,
        31
      ],
      "ignore": 0,
      "iscrowd": 0,
      "area": 6758
    },
    {
      "id": 209,
      "image_id": 14,
      "category_id": 0,
      "segmentation": [],
      "bbox": [
        72,
        377,
        218,
        31
      ],
      "ignore": 0,
      "iscrowd": 0,
      "area": 6758
    },
    {
      "id": 210,
      "image_id": 14,
      "category_id": 0,
      "segmentation": [],
      "bbox": [
        72,
        418,
        218,
        64
      ],
      "ignore": 0,
      "iscrowd": 0,
      "area": 13952
    },
    {
      "id": 211,
      "image_id": 14,
      "category_id": 0,
      "segmentation": [],
      "bbox": [
        72,
        492,
        218,
        64
      ],
      "ignore": 0,
      "iscrowd": 0,
      "area": 13952
    },
    {
      "id": 212,
      "image_id": 14,
      "category_id": 0,
      "segmentation": [],
      "bbox": [
        72,
        566,
        218,
        31
      ],
      "ignore": 0,
      "iscrowd": 0,
      "area": 6758
    },
    {
      "id": 213,
      "image_id": 14,
      "category_id": 0,
      "segmentation": [],
      "bbox": [
        72,
        607,
        218,
        53
      ],
      "ignore": 0,
      "iscrowd": 0,
      "area": 11554
    },
    {
      "id": 214,
      "image_id": 14,
      "category_id": 0,
      "segmentation": [],
      "bbox": [
        72,
        670,
        218,
        42
      ],
      "ignore": 0,
      "iscrowd": 0,
      "area": 9156
    },
    {
      "id": 215,
      "image_id": 14,
      "category_id": 0,
      "segmentation": [],
      "bbox": [
        72,
        722,
        218,
        42
      ],
      "ignore": 0,
      "iscrowd": 0,
      "area": 9156
    },
    {
      "id": 216,
      "image_id": 14,
      "category_id": 0,
      "segmentation": [],
      "bbox": [
        307,
        65,
        218,
        64
      ],
      "ignore": 0,
      "iscrowd": 0,
      "area": 13952
    },
    {
      "id": 217,
      "image_id": 14,
      "category_id": 0,
      "segmentation": [],
      "bbox": [
        307,
        140,
        218,
        42
      ],
      "ignore": 0,
      "iscrowd": 0,
      "area": 9156
    },
    {
      "id": 218,
      "image_id": 14,
      "category_id": 0,
      "segmentation": [],
      "bbox": [
        307,
        193,
        218,
        53
      ],
      "ignore": 0,
      "iscrowd": 0,
      "area": 11554
    },
    {
      "id": 219,
      "image_id": 14,
      "category_id": 0,
      "segmentation": [],
      "bbox": [
        307,
        256,
        218,
        31
      ],
      "ignore": 0,
      "iscrowd": 0,
      "area": 6758
    },
    {
      "id": 220,
      "image_id": 14,
      "category_id": 0,
      "segmentation": [],
      "bbox": [
        307,
        298,
        218,
        75
      ],
      "ignore": 0,
      "iscrowd": 0,
      "area": 16350
    },
    {
      "id": 221,
      "image_id": 14,
      "category_id": 0,
      "segmentation": [],
      "bbox": [
        307,
        384,
        218,
        42
      ],
      "ignore": 0,
      "iscrowd": 0,
      "area": 9156
    },
    {
      "id": 222,
      "image_id": 14,
      "category_id": 0,
      "segmentation": [],
      "bbox": [
        307,
        436,
        218,
        31
      ],
      "ignore": 0,
      "iscrowd": 0,
      "area": 6758
    },
    {
      "id": 223,
      "image_id": 14,
      "category_id": 0,
      "segmentation": [],
      "bbox": [
        307,
        478,
        218,
        42
      ],
      "ignore": 0,
      "iscrowd": 0,
      "area": 9156
    },
    {
      "id": 224,
      "image_id": 14,
      "category_id": 0,
      "segmentation": [],
      "bbox": [
        307,
        531,
        218,
        53
      ],
      "ignore": 0,
      "iscrowd": 0,
      "area": 11554
    },
    {
      "id": 225,
      "image_id": 14,
      "category_id": 0,
      "segmentation": [],
      "bbox": [
        307,
        595,
        218,
        53
      ],
      "ignore": 0,
      "iscrowd": 0,
      "area": 11554
    },
    {
      "id": 226,
      "image_id": 14,
      "category_id": 0,
      "segmentation": [],
      "bbox": [
        307,
        658,
        218,
        64
      ],
      "ignore": 0,
      "iscrowd": 0,
      "area": 13952
    },
    {
      "id": 227,
      "image_id": 14,
      "category_id": 0,
      "segmentation": [],
      "bbox": [
        307,
        733,
        218,
        31
      ],
      "ignore": 0,
      "iscrowd": 0,
      "area": 6758
    },
    {
      "id": 228,
      "image_id": 15,
      "category_id": 0,
      "segmentation": [],
      "bbox": [
        72,
        86,
        218,
        53
      ],
      "ignore": 0,
      "iscrowd": 0,
      "area": 11554
    },
    {
      "id": 229,
      "image_id": 15,
      "category_id": 0,
      "segmentation": [],
      "bbox": [
        72,
        154,
        218,
        42
      ],
      "ignore": 0,
      "iscrowd": 0,
      "area": 9156
    },
    {
      "id": 230,
      "image_id": 15,
      "category_id": 0,
      "segmentation": [],
      "bbox": [
        72,
        211,
        218,
        42
      ],
      "ignore": 0,
      "iscrowd": 0,
      "area": 9156
    },
    {
      "id": 231,
      "image_id": 15,
      "category_id": 0,
      "segmentation": [],
      "bbox": [
        72,
        268,
        218,
        42
      ],
      "ignore": 0,
      "iscrowd": 0,
      "area": 9156
    },
    {
      "id": 232,
      "image_id": 15,
      "category_id": 0,
      "segmentation": [],
      "bbox": [
        72,
        325,
        218,
        64
      ],
      "ignore": 0,
      "iscrowd": 0,
      "area": 13952
    },
    {
      "id": 233,
      "image_id": 15,
      "category_id": 0,
      "segmentation": [],
      "bbox": [
        72,
        404,
        218,
        53
      ],
      "ignore": 0,
      "iscrowd": 0,
      "area": 11554
    },
    {
      "id": 234,
      "image_id": 15,
      "category_id": 0,
      "segmentation": [],
      "bbox": [
        72,
        472,
        218,
        42
      ],
      "ignore": 0,
      "iscrowd": 0,
      "area": 9156
    },
    {
      "id": 235,
      "image_id": 15,
      "category_id": 0,
      "segmentation": [],
      "bbox": [
        72,
        529,
        218,
        86
      ],
      "ignore": 0,
      "iscrowd": 0,
      "area": 18748
    },
    {
      "id": 236,
      "image_id": 15,
      "category_id": 0,
      "segmentation": [],
      "bbox": [
        72,
        630,
        218,
        53
      ],
      "ignore": 0,
      "iscrowd": 0,
      "area": 11554
    },
    {
      "id": 237,
      "image_id": 15,
      "category_id": 0,
      "segmentation": [],
      "bbox": [
        72,
        698,
        218,
        20
      ],
      "ignore": 0,
      "iscrowd": 0,
      "area": 4360
    },
    {
      "id": 238,
      "image_id": 15,
      "category_id": 0,
      "segmentation": [],
      "bbox": [
        72,
        733,
        218,
        31
      ],
      "ignore": 0,
      "iscrowd": 0,
      "area": 6758
    },
    {
      "id": 239,
      "image_id": 15,
      "category_id": 0,
      "segmentation": [],
      "bbox": [
        307,
        65,
        218,
        64
      ],
      "ignore": 0,
      "iscrowd": 0,
      "area": 13952
    },
    {
      "id": 240,
      "image_id": 15,
      "category_id": 0,
      "segmentation": [],
      "bbox": [
        307,
        142,
        218,
        53
      ],
      "ignore": 0,
      "iscrowd": 0,
      "area": 11554
    },
    {
      "id": 241,
      "image_id": 15,
      "category_id": 0,
      "segmentation": [],
      "bbox": [
        307,
        208,
        218,
        86
      ],
      "ignore": 0,
      "iscrowd": 0,
      "area": 18748
    },
    {
      "id": 242,
      "image_id": 15,
      "category_id": 0,
      "segmentation": [],
      "bbox": [
        307,
        306,
        218,
        31
      ],
      "ignore": 0,
      "iscrowd": 0,
      "area": 6758
    },
    {
      "id": 243,
      "image_id": 15,
      "category_id": 0,
      "segmentation": [],
      "bbox": [
        307,
        350,
        218,
        31
      ],
      "ignore": 0,
      "iscrowd": 0,
      "area": 6758
    },
    {
      "id": 244,
      "image_id": 15,
      "category_id": 0,
      "segmentation": [],
      "bbox": [
        307,
        394,
        218,
        42
      ],
      "ignore": 0,
      "iscrowd": 0,
      "area": 9156
    },
    {
      "id": 245,
      "image_id": 15,
      "category_id": 0,
      "segmentation": [],
      "bbox": [
        307,
        448,
        218,
        31
      ],
      "ignore": 0,
      "iscrowd": 0,
      "area": 6758
    },
    {
      "id": 246,
      "image_id": 15,
      "category_id": 0,
      "segmentation": [],
      "bbox": [
        307,
        492,
        218,
        31
      ],
      "ignore": 0,
      "iscrowd": 0,
      "area": 6758
    },
    {
      "id": 247,
      "image_id": 15,
      "category_id": 0,
      "segmentation": [],
      "bbox": [
        307,
        536,
        218,
        75
      ],
      "ignore": 0,
      "iscrowd": 0,
      "area": 16350
    },
    {
      "id": 248,
      "image_id": 15,
      "category_id": 0,
      "segmentation": [],
      "bbox": [
        307,
        623,
        218,
        31
      ],
      "ignore": 0,
      "iscrowd": 0,
      "area": 6758
    },
    {
      "id": 249,
      "image_id": 15,
      "category_id": 0,
      "segmentation": [],
      "bbox": [
        307,
        667,
        218,
        42
      ],
      "ignore": 0,
      "iscrowd": 0,
      "area": 9156
    },
    {
      "id": 250,
      "image_id": 15,
      "category_id": 0,
      "segmentation": [],
      "bbox": [
        307,
        722,
        218,
        42
      ],
      "ignore": 0,
      "iscrowd": 0,
      "area": 9156
    },
    {
      "id": 251,
      "image_id": 16,
      "category_id": 0,
      "segmentation": [],
      "bbox": [
        54,
        92,
        231,
        30
      ],
      "ignore": 0,
      "iscrowd": 0,
      "area": 6930
    },
    {
      "id": 252,
      "image_id": 16,
      "category_id": 0,
      "segmentation": [],
      "bbox": [
        54,
        126,
        231,
        20
      ],
      "ignore": 0,
      "iscrowd": 0,
      "area": 4620
    },
    {
      "id": 253,
      "image_id": 16,
      "category_id": 0,
      "segmentation": [],
      "bbox": [
        54,
        149,
        231,
        30
      ],
      "ignore": 0,
      "iscrowd": 0,
      "area": 6930
    },
    {
      "id": 254,
      "image_id": 16,
      "category_id": 0,
      "segmentation": [],
      "bbox": [
        54,
        182,
        231,
        20
      ],
      "ignore": 0,
      "iscrowd": 0,
      "area": 4620
    },
    {
      "id": 255,
      "image_id": 16,
      "category_id": 0,
      "segmentation": [],
      "bbox": [
        54,
        206,
        231,
        30
      ],
      "ignore": 0,
      "iscrowd": 0,
      "area": 6930
    },
    {
      "id": 256,
      "image_id": 16,
      "category_id": 0,
      "segmentation": [],
      "bbox": [
        54,
        240,
        231,
        30
      ],
      "ignore": 0,
      "iscrowd": 0,
      "area": 6930
    },
    {
      "id": 257,
      "image_id": 16,
      "category_id": 0,
      "segmentation": [],
      "bbox": [
        54,
        274,
        231,
        30
      ],
      "ignore": 0,
      "iscrowd": 0,
      "area": 6930
    },
    {
      "id": 258,
      "image_id": 16,
      "category_id": 0,
      "segmentation": [],
      "bbox": [
        54,
        308,
        231,
        30
      ],
      "ignore": 0,
      "iscrowd": 0,
      "area": 6930
    },
    {
      "id": 259,
      "image_id": 16,
      "category_id": 0,
      "segmentation": [],
      "bbox": [
        54,
        342,
        231,
        30
      ],
      "ignore": 0,
      "iscrowd": 0,
      "area": 6930
    },
    {
      "id": 260,
      "image_id": 16,
      "category_id": 0,
      "segmentation": [],
      "bbox": [
        50,
        375,
        173,
        9
      ],
      "ignore": 0,
      "iscrowd": 0,
      "area": 1557
    },
    {
      "id": 261,
      "image_id": 16,
      "category_id": 0,
      "segmentation": [],
      "bbox": [
        50,
        387,
        236,
        30
      ],
      "ignore": 0,
      "iscrowd": 0,
      "area": 7080
    },
    {
      "id": 262,
      "image_id": 16,
      "category_id": 0,
      "segmentation": [],
      "bbox": [
        50,
        421,
        236,
        30
      ],
      "ignore": 0,
      "iscrowd": 0,
      "area": 7080
    },
    {
      "id": 263,
      "image_id": 16,
      "category_id": 0,
      "segmentation": [],
      "bbox": [
        50,
        455,
        236,
        19
      ],
      "ignore": 0,
      "iscrowd": 0,
      "area": 4484
    },
    {
      "id": 264,
      "image_id": 16,
      "category_id": 0,
      "segmentation": [],
      "bbox": [
        50,
        478,
        236,
        30
      ],
      "ignore": 0,
      "iscrowd": 0,
      "area": 7080
    },
    {
      "id": 265,
      "image_id": 16,
      "category_id": 0,
      "segmentation": [],
      "bbox": [
        50,
        512,
        236,
        41
      ],
      "ignore": 0,
      "iscrowd": 0,
      "area": 9676
    },
    {
      "id": 266,
      "image_id": 16,
      "category_id": 0,
      "segmentation": [],
      "bbox": [
        50,
        557,
        236,
        19
      ],
      "ignore": 0,
      "iscrowd": 0,
      "area": 4484
    },
    {
      "id": 267,
      "image_id": 16,
      "category_id": 0,
      "segmentation": [],
      "bbox": [
        50,
        580,
        236,
        30
      ],
      "ignore": 0,
      "iscrowd": 0,
      "area": 7080
    },
    {
      "id": 268,
      "image_id": 16,
      "category_id": 0,
      "segmentation": [],
      "bbox": [
        50,
        614,
        236,
        30
      ],
      "ignore": 0,
      "iscrowd": 0,
      "area": 7080
    },
    {
      "id": 269,
      "image_id": 16,
      "category_id": 0,
      "segmentation": [],
      "bbox": [
        50,
        648,
        236,
        41
      ],
      "ignore": 0,
      "iscrowd": 0,
      "area": 9676
    },
    {
      "id": 270,
      "image_id": 16,
      "category_id": 0,
      "segmentation": [],
      "bbox": [
        50,
        693,
        236,
        19
      ],
      "ignore": 0,
      "iscrowd": 0,
      "area": 4484
    },
    {
      "id": 271,
      "image_id": 16,
      "category_id": 0,
      "segmentation": [],
      "bbox": [
        308,
        74,
        236,
        30
      ],
      "ignore": 0,
      "iscrowd": 0,
      "area": 7080
    },
    {
      "id": 272,
      "image_id": 16,
      "category_id": 0,
      "segmentation": [],
      "bbox": [
        308,
        108,
        236,
        30
      ],
      "ignore": 0,
      "iscrowd": 0,
      "area": 7080
    },
    {
      "id": 273,
      "image_id": 16,
      "category_id": 0,
      "segmentation": [],
      "bbox": [
        308,
        141,
        236,
        30
      ],
      "ignore": 0,
      "iscrowd": 0,
      "area": 7080
    },
    {
      "id": 274,
      "image_id": 16,
      "category_id": 0,
      "segmentation": [],
      "bbox": [
        308,
        174,
        236,
        30
      ],
      "ignore": 0,
      "iscrowd": 0,
      "area": 7080
    },
    {
      "id": 275,
      "image_id": 16,
      "category_id": 0,
      "segmentation": [],
      "bbox": [
        308,
        207,
        236,
        41
      ],
      "ignore": 0,
      "iscrowd": 0,
      "area": 9676
    },
    {
      "id": 276,
      "image_id": 16,
      "category_id": 0,
      "segmentation": [],
      "bbox": [
        308,
        251,
        236,
        63
      ],
      "ignore": 0,
      "iscrowd": 0,
      "area": 14868
    },
    {
      "id": 277,
      "image_id": 16,
      "category_id": 0,
      "segmentation": [],
      "bbox": [
        308,
        317,
        236,
        19
      ],
      "ignore": 0,
      "iscrowd": 0,
      "area": 4484
    },
    {
      "id": 278,
      "image_id": 16,
      "category_id": 0,
      "segmentation": [],
      "bbox": [
        308,
        339,
        236,
        30
      ],
      "ignore": 0,
      "iscrowd": 0,
      "area": 7080
    },
    {
      "id": 279,
      "image_id": 16,
      "category_id": 0,
      "segmentation": [],
      "bbox": [
        308,
        372,
        236,
        30
      ],
      "ignore": 0,
      "iscrowd": 0,
      "area": 7080
    },
    {
      "id": 280,
      "image_id": 16,
      "category_id": 0,
      "segmentation": [],
      "bbox": [
        308,
        406,
        236,
        30
      ],
      "ignore": 0,
      "iscrowd": 0,
      "area": 7080
    },
    {
      "id": 281,
      "image_id": 16,
      "category_id": 0,
      "segmentation": [],
      "bbox": [
        308,
        439,
        236,
        30
      ],
      "ignore": 0,
      "iscrowd": 0,
      "area": 7080
    },
    {
      "id": 282,
      "image_id": 16,
      "category_id": 0,
      "segmentation": [],
      "bbox": [
        308,
        472,
        236,
        30
      ],
      "ignore": 0,
      "iscrowd": 0,
      "area": 7080
    },
    {
      "id": 283,
      "image_id": 16,
      "category_id": 0,
      "segmentation": [],
      "bbox": [
        308,
        505,
        236,
        30
      ],
      "ignore": 0,
      "iscrowd": 0,
      "area": 7080
    },
    {
      "id": 284,
      "image_id": 16,
      "category_id": 0,
      "segmentation": [],
      "bbox": [
        308,
        538,
        236,
        30
      ],
      "ignore": 0,
      "iscrowd": 0,
      "area": 7080
    },
    {
      "id": 285,
      "image_id": 16,
      "category_id": 0,
      "segmentation": [],
      "bbox": [
        308,
        571,
        236,
        30
      ],
      "ignore": 0,
      "iscrowd": 0,
      "area": 7080
    },
    {
      "id": 286,
      "image_id": 16,
      "category_id": 0,
      "segmentation": [],
      "bbox": [
        308,
        604,
        236,
        30
      ],
      "ignore": 0,
      "iscrowd": 0,
      "area": 7080
    },
    {
      "id": 287,
      "image_id": 16,
      "category_id": 0,
      "segmentation": [],
      "bbox": [
        308,
        637,
        236,
        41
      ],
      "ignore": 0,
      "iscrowd": 0,
      "area": 9676
    },
    {
      "id": 288,
      "image_id": 16,
      "category_id": 0,
      "segmentation": [],
      "bbox": [
        308,
        682,
        236,
        30
      ],
      "ignore": 0,
      "iscrowd": 0,
      "area": 7080
    },
    {
      "id": 289,
      "image_id": 17,
      "category_id": 0,
      "segmentation": [],
      "bbox": [
        83,
        64,
        208,
        24
      ],
      "ignore": 0,
      "iscrowd": 0,
      "area": 4992
    },
    {
      "id": 290,
      "image_id": 17,
      "category_id": 0,
      "segmentation": [],
      "bbox": [
        72,
        102,
        220,
        146
      ],
      "ignore": 0,
      "iscrowd": 0,
      "area": 32120
    },
    {
      "id": 291,
      "image_id": 17,
      "category_id": 0,
      "segmentation": [],
      "bbox": [
        72,
        262,
        220,
        173
      ],
      "ignore": 0,
      "iscrowd": 0,
      "area": 38060
    },
    {
      "id": 292,
      "image_id": 17,
      "category_id": 0,
      "segmentation": [],
      "bbox": [
        72,
        448,
        220,
        173
      ],
      "ignore": 0,
      "iscrowd": 0,
      "area": 38060
    },
    {
      "id": 293,
      "image_id": 17,
      "category_id": 0,
      "segmentation": [],
      "bbox": [
        72,
        635,
        220,
        92
      ],
      "ignore": 0,
      "iscrowd": 0,
      "area": 20240
    },
    {
      "id": 294,
      "image_id": 17,
      "category_id": 0,
      "segmentation": [],
      "bbox": [
        72,
        740,
        218,
        24
      ],
      "ignore": 0,
      "iscrowd": 0,
      "area": 5232
    },
    {
      "id": 295,
      "image_id": 17,
      "category_id": 0,
      "segmentation": [],
      "bbox": [
        317,
        65,
        210,
        65
      ],
      "ignore": 0,
      "iscrowd": 0,
      "area": 13650
    },
    {
      "id": 296,
      "image_id": 17,
      "category_id": 0,
      "segmentation": [],
      "bbox": [
        307,
        141,
        220,
        92
      ],
      "ignore": 0,
      "iscrowd": 0,
      "area": 20240
    },
    {
      "id": 297,
      "image_id": 17,
      "category_id": 0,
      "segmentation": [],
      "bbox": [
        307,
        245,
        220,
        65
      ],
      "ignore": 0,
      "iscrowd": 0,
      "area": 14300
    },
    {
      "id": 298,
      "image_id": 18,
      "category_id": 0,
      "segmentation": [],
      "bbox": [
        72,
        65,
        220,
        65
      ],
      "ignore": 0,
      "iscrowd": 0,
      "area": 14300
    },
    {
      "id": 299,
      "image_id": 18,
      "category_id": 0,
      "segmentation": [],
      "bbox": [
        72,
        143,
        220,
        119
      ],
      "ignore": 0,
      "iscrowd": 0,
      "area": 26180
    },
    {
      "id": 300,
      "image_id": 18,
      "category_id": 0,
      "segmentation": [],
      "bbox": [
        72,
        276,
        220,
        119
      ],
      "ignore": 0,
      "iscrowd": 0,
      "area": 26180
    },
    {
      "id": 301,
      "image_id": 18,
      "category_id": 0,
      "segmentation": [],
      "bbox": [
        72,
        409,
        220,
        146
      ],
      "ignore": 0,
      "iscrowd": 0,
      "area": 32120
    },
    {
      "id": 302,
      "image_id": 18,
      "category_id": 0,
      "segmentation": [],
      "bbox": [
        72,
        569,
        220,
        65
      ],
      "ignore": 0,
      "iscrowd": 0,
      "area": 14300
    },
    {
      "id": 303,
      "image_id": 18,
      "category_id": 0,
      "segmentation": [],
      "bbox": [
        72,
        648,
        220,
        78
      ],
      "ignore": 0,
      "iscrowd": 0,
      "area": 17160
    },
    {
      "id": 304,
      "image_id": 18,
      "category_id": 0,
      "segmentation": [],
      "bbox": [
        72,
        740,
        219,
        24
      ],
      "ignore": 0,
      "iscrowd": 0,
      "area": 5256
    },
    {
      "id": 305,
      "image_id": 18,
      "category_id": 0,
      "segmentation": [],
      "bbox": [
        318,
        65,
        207,
        24
      ],
      "ignore": 0,
      "iscrowd": 0,
      "area": 4968
    },
    {
      "id": 306,
      "image_id": 18,
      "category_id": 0,
      "segmentation": [],
      "bbox": [
        307,
        102,
        218,
        38
      ],
      "ignore": 0,
      "iscrowd": 0,
      "area": 8284
    },
    {
      "id": 307,
      "image_id": 18,
      "category_id": 0,
      "segmentation": [],
      "bbox": [
        307,
        152,
        220,
        92
      ],
      "ignore": 0,
      "iscrowd": 0,
      "area": 20240
    },
    {
      "id": 308,
      "image_id": 18,
      "category_id": 0,
      "segmentation": [],
      "bbox": [
        307,
        257,
        220,
        65
      ],
      "ignore": 0,
      "iscrowd": 0,
      "area": 14300
    },
    {
      "id": 309,
      "image_id": 18,
      "category_id": 0,
      "segmentation": [],
      "bbox": [
        307,
        335,
        220,
        78
      ],
      "ignore": 0,
      "iscrowd": 0,
      "area": 17160
    },
    {
      "id": 310,
      "image_id": 18,
      "category_id": 0,
      "segmentation": [],
      "bbox": [
        307,
        426,
        220,
        51
      ],
      "ignore": 0,
      "iscrowd": 0,
      "area": 11220
    },
    {
      "id": 311,
      "image_id": 18,
      "category_id": 0,
      "segmentation": [],
      "bbox": [
        307,
        490,
        220,
        78
      ],
      "ignore": 0,
      "iscrowd": 0,
      "area": 17160
    },
    {
      "id": 312,
      "image_id": 18,
      "category_id": 0,
      "segmentation": [],
      "bbox": [
        307,
        581,
        220,
        78
      ],
      "ignore": 0,
      "iscrowd": 0,
      "area": 17160
    },
    {
      "id": 313,
      "image_id": 18,
      "category_id": 0,
      "segmentation": [],
      "bbox": [
        307,
        673,
        220,
        92
      ],
      "ignore": 0,
      "iscrowd": 0,
      "area": 20240
    },
    {
      "id": 314,
      "image_id": 19,
      "category_id": 0,
      "segmentation": [],
      "bbox": [
        72,
        65,
        220,
        78
      ],
      "ignore": 0,
      "iscrowd": 0,
      "area": 17160
    },
    {
      "id": 315,
      "image_id": 19,
      "category_id": 0,
      "segmentation": [],
      "bbox": [
        72,
        155,
        220,
        119
      ],
      "ignore": 0,
      "iscrowd": 0,
      "area": 26180
    },
    {
      "id": 316,
      "image_id": 19,
      "category_id": 0,
      "segmentation": [],
      "bbox": [
        72,
        287,
        218,
        24
      ],
      "ignore": 0,
      "iscrowd": 0,
      "area": 5232
    },
    {
      "id": 317,
      "image_id": 19,
      "category_id": 0,
      "segmentation": [],
      "bbox": [
        72,
        323,
        220,
        132
      ],
      "ignore": 0,
      "iscrowd": 0,
      "area": 29040
    },
    {
      "id": 318,
      "image_id": 19,
      "category_id": 0,
      "segmentation": [],
      "bbox": [
        72,
        468,
        220,
        51
      ],
      "ignore": 0,
      "iscrowd": 0,
      "area": 11220
    },
    {
      "id": 319,
      "image_id": 19,
      "category_id": 0,
      "segmentation": [],
      "bbox": [
        72,
        532,
        220,
        38
      ],
      "ignore": 0,
      "iscrowd": 0,
      "area": 8360
    },
    {
      "id": 320,
      "image_id": 19,
      "category_id": 0,
      "segmentation": [],
      "bbox": [
        72,
        582,
        220,
        65
      ],
      "ignore": 0,
      "iscrowd": 0,
      "area": 14300
    },
    {
      "id": 321,
      "image_id": 19,
      "category_id": 0,
      "segmentation": [],
      "bbox": [
        72,
        659,
        220,
        105
      ],
      "ignore": 0,
      "iscrowd": 0,
      "area": 23100
    },
    {
      "id": 322,
      "image_id": 19,
      "category_id": 0,
      "segmentation": [],
      "bbox": [
        307,
        65,
        220,
        105
      ],
      "ignore": 0,
      "iscrowd": 0,
      "area": 23100
    },
    {
      "id": 323,
      "image_id": 19,
      "category_id": 0,
      "segmentation": [],
      "bbox": [
        307,
        181,
        220,
        105
      ],
      "ignore": 0,
      "iscrowd": 0,
      "area": 23100
    },
    {
      "id": 324,
      "image_id": 19,
      "category_id": 0,
      "segmentation": [],
      "bbox": [
        307,
        297,
        220,
        92
      ],
      "ignore": 0,
      "iscrowd": 0,
      "area": 20240
    },
    {
      "id": 325,
      "image_id": 19,
      "category_id": 0,
      "segmentation": [],
      "bbox": [
        307,
        400,
        219,
        78
      ],
      "ignore": 0,
      "iscrowd": 0,
      "area": 17082
    },
    {
      "id": 326,
      "image_id": 19,
      "category_id": 0,
      "segmentation": [],
      "bbox": [
        307,
        489,
        220,
        173
      ],
      "ignore": 0,
      "iscrowd": 0,
      "area": 38060
    },
    {
      "id": 327,
      "image_id": 19,
      "category_id": 0,
      "segmentation": [],
      "bbox": [
        307,
        673,
        220,
        92
      ],
      "ignore": 0,
      "iscrowd": 0,
      "area": 20240
    },
    {
      "id": 328,
      "image_id": 20,
      "category_id": 0,
      "segmentation": [],
      "bbox": [
        307,
        464,
        219,
        25
      ],
      "ignore": 0,
      "iscrowd": 0,
      "area": 5475
    },
    {
      "id": 329,
      "image_id": 20,
      "category_id": 0,
      "segmentation": [],
      "bbox": [
        307,
        501,
        220,
        51
      ],
      "ignore": 0,
      "iscrowd": 0,
      "area": 11220
    },
    {
      "id": 330,
      "image_id": 20,
      "category_id": 0,
      "segmentation": [],
      "bbox": [
        307,
        564,
        220,
        200
      ],
      "ignore": 0,
      "iscrowd": 0,
      "area": 44000
    },
    {
      "id": 331,
      "image_id": 21,
      "category_id": 0,
      "segmentation": [],
      "bbox": [
        83,
        65,
        207,
        43
      ],
      "ignore": 0,
      "iscrowd": 0,
      "area": 8901
    },
    {
      "id": 332,
      "image_id": 21,
      "category_id": 0,
      "segmentation": [],
      "bbox": [
        72,
        120,
        218,
        75
      ],
      "ignore": 0,
      "iscrowd": 0,
      "area": 16350
    },
    {
      "id": 333,
      "image_id": 21,
      "category_id": 0,
      "segmentation": [],
      "bbox": [
        72,
        208,
        218,
        31
      ],
      "ignore": 0,
      "iscrowd": 0,
      "area": 6758
    },
    {
      "id": 334,
      "image_id": 21,
      "category_id": 0,
      "segmentation": [],
      "bbox": [
        72,
        251,
        218,
        42
      ],
      "ignore": 0,
      "iscrowd": 0,
      "area": 9156
    },
    {
      "id": 335,
      "image_id": 21,
      "category_id": 0,
      "segmentation": [],
      "bbox": [
        72,
        306,
        218,
        75
      ],
      "ignore": 0,
      "iscrowd": 0,
      "area": 16350
    },
    {
      "id": 336,
      "image_id": 21,
      "category_id": 0,
      "segmentation": [],
      "bbox": [
        72,
        393,
        218,
        42
      ],
      "ignore": 0,
      "iscrowd": 0,
      "area": 9156
    },
    {
      "id": 337,
      "image_id": 21,
      "category_id": 0,
      "segmentation": [],
      "bbox": [
        72,
        448,
        218,
        53
      ],
      "ignore": 0,
      "iscrowd": 0,
      "area": 11554
    },
    {
      "id": 338,
      "image_id": 21,
      "category_id": 0,
      "segmentation": [],
      "bbox": [
        72,
        513,
        218,
        53
      ],
      "ignore": 0,
      "iscrowd": 0,
      "area": 11554
    },
    {
      "id": 339,
      "image_id": 21,
      "category_id": 0,
      "segmentation": [],
      "bbox": [
        72,
        579,
        218,
        76
      ],
      "ignore": 0,
      "iscrowd": 0,
      "area": 16568
    }
  ],
  "info": {
    "year": 2022,
    "version": "1.0",
    "description": "",
    "contributor": "Label Studio",
    "url": "",
    "date_created": "2022-02-09 18:32:47.843315"
  }
}